-- phpMyAdmin SQL Dump
-- version 3.2.4
-- http://www.phpmyadmin.net
--
-- Host: localhost
-- Waktu pembuatan: 29. Desember 2021 jam 07:31
-- Versi Server: 5.1.41
-- Versi PHP: 5.3.1

SET SQL_MODE="NO_AUTO_VALUE_ON_ZERO";


/*!40101 SET @OLD_CHARACTER_SET_CLIENT=@@CHARACTER_SET_CLIENT */;
/*!40101 SET @OLD_CHARACTER_SET_RESULTS=@@CHARACTER_SET_RESULTS */;
/*!40101 SET @OLD_COLLATION_CONNECTION=@@COLLATION_CONNECTION */;
/*!40101 SET NAMES utf8 */;

--
-- Database: `sigasing_e`
--

-- --------------------------------------------------------

--
-- Struktur dari tabel `bagiannn`
--

CREATE TABLE IF NOT EXISTS `bagiannn` (
  `id` int(11) NOT NULL AUTO_INCREMENT,
  `nama_bagian` varchar(255) NOT NULL,
  `karyawan_id` int(11) NOT NULL,
  `lokasi_id` int(11) NOT NULL,
  PRIMARY KEY (`id`)
) ENGINE=InnoDB  DEFAULT CHARSET=latin1 AUTO_INCREMENT=4 ;

--
-- Dumping data untuk tabel `bagiannn`
--

INSERT INTO `bagiannn` (`id`, `nama_bagian`, `karyawan_id`, `lokasi_id`) VALUES
(1, 'AUTENTIKASI', 5, 1),
(2, 'Data science', 3, 1),
(3, 'Backend Developer', 6, 2);

-- --------------------------------------------------------

--
-- Struktur dari tabel `bagian_karyawan`
--

CREATE TABLE IF NOT EXISTS `bagian_karyawan` (
  `id` int(11) NOT NULL AUTO_INCREMENT,
  `bagian_id` int(11) NOT NULL,
  `karyawan_id` int(11) NOT NULL,
  `tanggal_mulai` date NOT NULL,
  PRIMARY KEY (`id`)
) ENGINE=InnoDB  DEFAULT CHARSET=latin1 AUTO_INCREMENT=7 ;

--
-- Dumping data untuk tabel `bagian_karyawan`
--

INSERT INTO `bagian_karyawan` (`id`, `bagian_id`, `karyawan_id`, `tanggal_mulai`) VALUES
(1, 1, 5, '2018-03-03'),
(2, 2, 3, '2018-04-01'),
(3, 3, 6, '2018-04-04'),
(4, 1, 4, '2018-03-03'),
(5, 2, 7, '2018-04-01'),
(6, 3, 8, '2018-04-04');

-- --------------------------------------------------------

--
-- Struktur dari tabel `gaji_karyawan`
--

CREATE TABLE IF NOT EXISTS `gaji_karyawan` (
  `id` int(11) NOT NULL AUTO_INCREMENT,
  `karyawan_id` int(11) NOT NULL,
  `tahun` year(4) NOT NULL,
  `bulan` char(2) NOT NULL,
  `gapok` double NOT NULL,
  `tunjangan` double NOT NULL,
  `uang_makan` double NOT NULL,
  PRIMARY KEY (`id`)
) ENGINE=InnoDB  DEFAULT CHARSET=latin1 AUTO_INCREMENT=19 ;

--
-- Dumping data untuk tabel `gaji_karyawan`
--

INSERT INTO `gaji_karyawan` (`id`, `karyawan_id`, `tahun`, `bulan`, `gapok`, `tunjangan`, `uang_makan`) VALUES
(1, 3, 2020, '11', 2400000, 500000, 800000),
(2, 4, 2020, '11', 2300000, 450000, 684000),
(3, 5, 2020, '11', 2200000, 400000, 684000),
(4, 6, 2020, '11', 2100000, 350000, 640000),
(5, 7, 2020, '11', 2100000, 350000, 612000),
(6, 8, 2020, '11', 1000000, 100000, 380000),
(7, 3, 2020, '12', 2400000, 500000, 800000),
(8, 4, 2020, '12', 2300000, 450000, 722000),
(9, 5, 2020, '12', 2200000, 400000, 720000),
(10, 6, 2020, '12', 2100000, 350000, 680000),
(11, 7, 2020, '12', 2100000, 350000, 646000),
(12, 8, 2020, '12', 1000000, 100000, 360000),
(13, 3, 2021, '01', 2400000, 500000, 800000),
(14, 4, 2021, '01', 2300000, 450000, 722000),
(15, 5, 2021, '01', 2200000, 400000, 612000),
(16, 6, 2021, '01', 2100000, 350000, 680000),
(17, 7, 2021, '01', 2100000, 350000, 646000),
(18, 8, 2021, '01', 1000000, 100000, 340000);

-- --------------------------------------------------------

--
-- Struktur dari tabel `jabatan`
--

CREATE TABLE IF NOT EXISTS `jabatan` (
  `id` int(11) NOT NULL AUTO_INCREMENT,
  `nama_jabatan` varchar(255) NOT NULL,
  `gapok_jabatan` double NOT NULL,
  `tunjangan_jabatan` double NOT NULL,
  `uang_makan_perhari` double NOT NULL,
  PRIMARY KEY (`id`)
) ENGINE=InnoDB  DEFAULT CHARSET=latin1 AUTO_INCREMENT=9 ;

--
-- Dumping data untuk tabel `jabatan`
--

INSERT INTO `jabatan` (`id`, `nama_jabatan`, `gapok_jabatan`, `tunjangan_jabatan`, `uang_makan_perhari`) VALUES
(3, 'System Analyst', 2400000, 500000, 40000),
(4, 'Project Manager', 2300000, 450000, 38000),
(5, 'Magang', 2200000, 400000, 36000),
(7, 'Intern', 1000000, 100000, 20000),
(8, 'Untuk Coba Hapus', 999, 999, 999);

-- --------------------------------------------------------

--
-- Struktur dari tabel `jabatan_karyawan`
--

CREATE TABLE IF NOT EXISTS `jabatan_karyawan` (
  `id` int(11) NOT NULL AUTO_INCREMENT,
  `karyawan_id` int(11) NOT NULL,
  `jabatan_id` int(11) NOT NULL,
  `tanggal_mulai` date NOT NULL,
  PRIMARY KEY (`id`)
) ENGINE=InnoDB  DEFAULT CHARSET=latin1 AUTO_INCREMENT=18 ;

--
-- Dumping data untuk tabel `jabatan_karyawan`
--

INSERT INTO `jabatan_karyawan` (`id`, `karyawan_id`, `jabatan_id`, `tanggal_mulai`) VALUES
(1, 3, 5, '2013-03-03'),
(2, 3, 4, '2014-04-01'),
(3, 4, 5, '2014-04-04'),
(4, 3, 3, '2015-05-04'),
(5, 4, 4, '2015-05-05'),
(6, 5, 5, '2015-05-05'),
(7, 3, 2, '2015-06-01'),
(8, 4, 3, '2015-06-02'),
(9, 5, 4, '2015-06-03'),
(10, 6, 5, '2015-06-06'),
(11, 3, 1, '2017-07-01'),
(12, 4, 2, '2017-07-02'),
(13, 5, 3, '2017-07-02'),
(14, 6, 4, '2017-07-02'),
(15, 7, 5, '2017-07-07'),
(16, 7, 4, '2018-08-02'),
(17, 8, 5, '2018-08-08');

-- --------------------------------------------------------

--
-- Struktur dari tabel `karyawan`
--

CREATE TABLE IF NOT EXISTS `karyawan` (
  `id` int(11) NOT NULL AUTO_INCREMENT,
  `nik` varchar(255) NOT NULL,
  `nama_lengkap` varchar(255) NOT NULL,
  `no_telp` varchar(255) NOT NULL,
  `email` varchar(255) NOT NULL,
  `tanggal_masuk` date NOT NULL,
  `pengguna_id` int(11) DEFAULT NULL,
  PRIMARY KEY (`id`)
) ENGINE=InnoDB  DEFAULT CHARSET=latin1 AUTO_INCREMENT=9 ;

--
-- Dumping data untuk tabel `karyawan`
--

INSERT INTO `karyawan` (`id`, `nik`, `nama_lengkap`, `no_telp`, `email`, `tanggal_masuk`, `pengguna_id`) VALUES
(1, '001', 'Admin', ' 08112011', 'admin@mail.com', '2011-01-01', 1),
(2, '002', 'Tes User', '08112012', 'user@mail.com', '2012-02-02', 2),
(3, '003', 'John Doe', '08112013', 'john@mail.com', '2013-03-03', 3),
(4, '004', 'Fulan Bin Fulan', '08112014', 'fulan@mail.com', '2014-04-04', 4),
(5, '005', 'Mawar Kurniani', '08112015', 'mawar@mail.com', '2015-05-05', 5),
(6, '006', 'Melati Rahmawati', '08112016', 'melati@mail.com', '2016-06-06', 6),
(7, '007', 'Dahlia Setiani', '08112017', 'dahlia@mail.com', '2017-07-07', 7),
(8, '008', 'Lily Handayani', '08112018', 'lily@mail.com', '2018-08-08', 8);

-- --------------------------------------------------------

--
-- Struktur dari tabel `lokasi`
--

CREATE TABLE IF NOT EXISTS `lokasi` (
  `id` int(11) NOT NULL AUTO_INCREMENT,
  `nama_lokasi` varchar(255) NOT NULL,
  PRIMARY KEY (`id`)
) ENGINE=InnoDB  DEFAULT CHARSET=latin1 AUTO_INCREMENT=4 ;

--
-- Dumping data untuk tabel `lokasi`
--

INSERT INTO `lokasi` (`id`, `nama_lokasi`) VALUES
(1, 'Kota Banjarmasin'),
(2, 'Kota Banjarbaru'),
(3, 'Kabupaten Banjar');

-- --------------------------------------------------------

--
-- Struktur dari tabel `pengguna`
--

CREATE TABLE IF NOT EXISTS `pengguna` (
  `id` int(11) NOT NULL AUTO_INCREMENT,
  `username` varchar(25) NOT NULL,
  `password` varchar(255) NOT NULL,
  `peran` enum('ADMIN','USER') NOT NULL,
  `login_terakhir` timestamp NULL DEFAULT NULL,
  PRIMARY KEY (`id`)
) ENGINE=InnoDB  DEFAULT CHARSET=latin1 AUTO_INCREMENT=9 ;

--
-- Dumping data untuk tabel `pengguna`
--

INSERT INTO `pengguna` (`id`, `username`, `password`, `peran`, `login_terakhir`) VALUES
(1, 'admin', '21232f297a57a5a743894a0e4a801fc3', 'ADMIN', NULL),
(2, 'user', 'ee11cbb19052e40b07aac0ca060c23ee', 'USER', NULL),
(3, 'kenanga', '6579e96f76baa00787a28653876c6127', 'USER', NULL),
(4, 'kaktus', '7c232f58f03f6d00c8d28166fbff7a8b', 'USER', NULL),
(5, 'mawar', 'bd117502364227fd8c09098d31e11313', 'USER', NULL),
(6, 'melati', '27e80ebc907bd57004986be9e6f2dd83', 'USER', NULL),
(7, 'dahlia', 'ee11cbb19052e40b07aac0ca060c23ee', 'USER', NULL),
(8, 'lily', '89f288757f4d0693c99b007855fc075e', 'USER', NULL);

-- --------------------------------------------------------

--
-- Struktur dari tabel `presensi`
--

CREATE TABLE IF NOT EXISTS `presensi` (
  `id` int(11) NOT NULL AUTO_INCREMENT,
  `karyawan_id` int(11) NOT NULL,
  `tanggal` date NOT NULL,
  `jam_masuk` time DEFAULT NULL,
  `jam_keluar` time DEFAULT NULL,
  `keterangan` enum('HADIR','SAKIT','IZIN','CUTI','LIBUR','TIDAK HADIR') DEFAULT NULL,
  PRIMARY KEY (`id`)
) ENGINE=InnoDB  DEFAULT CHARSET=latin1 AUTO_INCREMENT=1105 ;

--
-- Dumping data untuk tabel `presensi`
--

INSERT INTO `presensi` (`id`, `karyawan_id`, `tanggal`, `jam_masuk`, `jam_keluar`, `keterangan`) VALUES
(26, 3, '2020-11-26', '08:00:00', '16:00:00', 'HADIR'),
(27, 3, '2020-11-27', '08:00:00', '16:00:00', 'HADIR'),
(28, 3, '2020-11-28', NULL, NULL, ''),
(29, 3, '2020-11-29', NULL, NULL, ''),
(30, 3, '2020-11-30', '08:00:00', '16:00:00', 'HADIR'),
(31, 3, '2020-12-01', '08:00:00', '16:00:00', 'HADIR'),
(32, 3, '2020-12-02', '08:00:00', '16:00:00', 'HADIR'),
(33, 3, '2020-12-03', '08:00:00', '16:00:00', 'HADIR'),
(34, 3, '2020-12-04', '08:00:00', '16:00:00', 'HADIR'),
(35, 3, '2020-12-05', NULL, NULL, ''),
(36, 3, '2020-12-06', NULL, NULL, ''),
(37, 3, '2020-12-07', '08:00:00', '16:00:00', 'HADIR'),
(38, 3, '2020-12-08', '08:00:00', '16:00:00', 'HADIR'),
(39, 3, '2020-12-09', NULL, NULL, ''),
(40, 3, '2020-12-10', '08:00:00', '16:00:00', 'HADIR'),
(41, 3, '2020-12-11', '08:00:00', '16:00:00', 'HADIR'),
(42, 3, '2020-12-12', NULL, NULL, ''),
(43, 3, '2020-12-13', NULL, NULL, ''),
(44, 3, '2020-12-14', '08:00:00', '16:00:00', 'HADIR'),
(45, 3, '2020-12-15', '08:00:00', '16:00:00', 'HADIR'),
(46, 3, '2020-12-16', '08:00:00', '16:00:00', 'HADIR'),
(47, 3, '2020-12-17', '08:00:00', '16:00:00', 'HADIR'),
(48, 3, '2020-12-18', '08:00:00', '16:00:00', 'HADIR'),
(49, 3, '2020-12-19', NULL, NULL, ''),
(50, 3, '2020-12-20', NULL, NULL, ''),
(51, 3, '2020-12-21', '08:00:00', '16:00:00', 'HADIR'),
(52, 3, '2020-12-22', '08:00:00', '16:00:00', 'HADIR'),
(53, 3, '2020-12-23', '08:00:00', '16:00:00', 'HADIR'),
(54, 3, '2020-12-24', NULL, NULL, ''),
(55, 3, '2020-12-25', NULL, NULL, ''),
(56, 3, '2020-12-26', NULL, NULL, ''),
(57, 3, '2020-12-27', NULL, NULL, ''),
(58, 3, '2020-12-28', '08:00:00', '16:00:00', 'HADIR'),
(59, 3, '2020-12-29', '08:00:00', '16:00:00', 'HADIR'),
(60, 3, '2020-12-30', '08:00:00', '16:00:00', 'HADIR'),
(61, 3, '2020-12-31', '08:00:00', '16:00:00', 'HADIR'),
(62, 3, '2021-01-01', NULL, NULL, ''),
(63, 3, '2021-01-02', NULL, NULL, ''),
(64, 3, '2021-01-03', NULL, NULL, ''),
(65, 3, '2021-01-04', '08:00:00', '16:00:00', 'HADIR'),
(66, 3, '2021-01-05', '08:00:00', '16:00:00', 'HADIR'),
(67, 3, '2021-01-06', '08:00:00', '16:00:00', 'HADIR'),
(68, 3, '2021-01-07', '08:00:00', '16:00:00', 'HADIR'),
(69, 3, '2021-01-08', '08:00:00', '16:00:00', 'HADIR'),
(70, 3, '2021-01-09', NULL, NULL, ''),
(71, 3, '2021-01-10', NULL, NULL, ''),
(72, 3, '2021-01-11', '08:00:00', '16:00:00', 'HADIR'),
(73, 3, '2021-01-12', '08:00:00', '16:00:00', 'HADIR'),
(74, 3, '2021-01-13', '08:00:00', '16:00:00', 'HADIR'),
(75, 3, '2021-01-14', '08:00:00', '16:00:00', 'HADIR'),
(76, 3, '2021-01-15', '08:00:00', '16:00:00', 'HADIR'),
(77, 3, '2021-01-16', NULL, NULL, ''),
(78, 3, '2021-01-17', NULL, NULL, ''),
(79, 3, '2021-01-18', '08:00:00', '16:00:00', 'HADIR'),
(80, 3, '2021-01-19', '08:00:00', '16:00:00', 'HADIR'),
(81, 3, '2021-01-20', '08:00:00', '16:00:00', 'HADIR'),
(82, 3, '2021-01-21', '08:00:00', '16:00:00', 'HADIR'),
(83, 3, '2021-01-22', '08:00:00', '16:00:00', 'HADIR'),
(84, 3, '2021-01-23', NULL, NULL, ''),
(85, 3, '2021-01-24', NULL, NULL, ''),
(86, 3, '2021-01-25', '08:00:00', '16:00:00', 'HADIR'),
(87, 3, '2021-01-26', '08:00:00', '16:00:00', 'HADIR'),
(88, 3, '2021-01-27', '08:00:00', '16:00:00', 'HADIR'),
(89, 3, '2021-01-28', '08:00:00', '16:00:00', 'HADIR'),
(90, 3, '2021-01-29', '08:00:00', '16:00:00', 'HADIR'),
(91, 3, '2021-01-30', NULL, NULL, ''),
(92, 3, '2021-01-31', NULL, NULL, ''),
(93, 4, '2020-11-01', NULL, NULL, ''),
(94, 4, '2020-11-02', '08:00:00', '16:00:00', 'HADIR'),
(95, 4, '2020-11-03', '08:35:00', '16:00:00', 'HADIR'),
(96, 4, '2020-11-04', NULL, NULL, 'SAKIT'),
(97, 4, '2020-11-05', '08:00:00', '16:00:00', 'HADIR'),
(98, 4, '2020-11-06', '08:00:00', '16:00:00', 'HADIR'),
(99, 4, '2020-11-07', NULL, NULL, ''),
(100, 4, '2020-11-08', NULL, NULL, ''),
(101, 4, '2020-11-09', '08:00:00', '16:00:00', 'HADIR'),
(102, 4, '2020-11-10', NULL, NULL, ''),
(103, 4, '2020-11-11', '08:00:00', '16:00:00', 'HADIR'),
(104, 4, '2020-11-12', '08:00:00', '16:00:00', 'HADIR'),
(105, 4, '2020-11-13', '08:00:00', '16:00:00', 'HADIR'),
(106, 4, '2020-11-14', NULL, NULL, ''),
(107, 4, '2020-11-15', NULL, NULL, ''),
(108, 4, '2020-11-16', '08:00:00', '16:00:00', 'HADIR'),
(109, 4, '2020-11-17', '08:00:00', '16:00:00', 'HADIR'),
(110, 4, '2020-11-18', '08:45:00', '16:00:00', 'HADIR'),
(111, 4, '2020-11-19', NULL, NULL, 'IZIN'),
(112, 4, '2020-11-20', '08:00:00', '16:00:00', 'HADIR'),
(113, 4, '2020-11-21', NULL, NULL, ''),
(114, 4, '2020-11-22', NULL, NULL, ''),
(115, 4, '2020-11-23', '08:00:00', '16:00:00', 'HADIR'),
(116, 4, '2020-11-24', '08:00:00', '16:00:00', 'HADIR'),
(117, 4, '2020-11-25', '08:00:00', '16:00:00', 'HADIR'),
(118, 4, '2020-11-26', '08:00:00', '16:00:00', 'HADIR'),
(119, 4, '2020-11-27', '08:00:00', '16:00:00', 'HADIR'),
(120, 4, '2020-11-28', NULL, NULL, ''),
(121, 4, '2020-11-29', NULL, NULL, ''),
(122, 4, '2020-11-30', '08:00:00', '16:00:00', 'HADIR'),
(123, 4, '2020-12-01', '08:00:00', '16:00:00', 'HADIR'),
(124, 4, '2020-12-02', '08:00:00', '16:00:00', 'HADIR'),
(125, 4, '2020-12-03', '08:00:00', '16:00:00', 'HADIR'),
(126, 4, '2020-12-04', '08:00:00', '16:00:00', 'HADIR'),
(127, 4, '2020-12-05', NULL, NULL, ''),
(128, 4, '2020-12-06', NULL, NULL, ''),
(129, 4, '2020-12-07', '08:00:00', '16:00:00', 'HADIR'),
(130, 4, '2020-12-08', '08:00:00', '16:00:00', 'HADIR'),
(131, 4, '2020-12-09', NULL, NULL, ''),
(132, 4, '2020-12-10', '08:00:00', '16:00:00', 'HADIR'),
(133, 4, '2020-12-11', '08:00:00', '16:00:00', 'HADIR'),
(134, 4, '2020-12-12', NULL, NULL, ''),
(135, 4, '2020-12-13', NULL, NULL, ''),
(136, 4, '2020-12-14', '08:00:00', '16:00:00', 'HADIR'),
(137, 4, '2020-12-15', '08:00:00', '16:00:00', 'HADIR'),
(138, 4, '2020-12-16', '08:00:00', '16:00:00', 'HADIR'),
(139, 4, '2020-12-17', NULL, NULL, 'SAKIT'),
(140, 4, '2020-12-18', '08:00:00', '16:00:00', 'HADIR'),
(141, 4, '2020-12-19', NULL, NULL, ''),
(142, 4, '2020-12-20', NULL, NULL, ''),
(143, 4, '2020-12-21', '08:00:00', '16:00:00', 'HADIR'),
(144, 4, '2020-12-22', '08:00:00', '16:00:00', 'HADIR'),
(145, 4, '2020-12-23', '08:00:00', '16:00:00', 'HADIR'),
(146, 4, '2020-12-24', NULL, NULL, ''),
(147, 4, '2020-12-25', NULL, NULL, ''),
(148, 4, '2020-12-26', NULL, NULL, ''),
(149, 4, '2020-12-27', NULL, NULL, ''),
(150, 4, '2020-12-28', '08:00:00', '16:00:00', 'HADIR'),
(151, 4, '2020-12-29', '08:50:00', '16:00:00', 'HADIR'),
(152, 4, '2020-12-30', '08:00:00', '16:00:00', 'HADIR'),
(153, 4, '2020-12-31', '08:00:00', '16:00:00', 'HADIR'),
(154, 4, '2021-01-01', NULL, NULL, ''),
(155, 4, '2021-01-02', NULL, NULL, ''),
(156, 4, '2021-01-03', NULL, NULL, ''),
(157, 4, '2021-01-04', '08:00:00', '16:00:00', 'HADIR'),
(158, 4, '2021-01-05', '08:00:00', '16:00:00', 'HADIR'),
(159, 4, '2021-01-06', '08:00:00', '16:00:00', 'HADIR'),
(160, 4, '2021-01-07', '08:00:00', '16:00:00', 'HADIR'),
(161, 4, '2021-01-08', '08:00:00', '16:00:00', 'HADIR'),
(162, 4, '2021-01-09', NULL, NULL, ''),
(163, 4, '2021-01-10', NULL, NULL, ''),
(164, 4, '2021-01-11', '08:00:00', '16:00:00', 'HADIR'),
(165, 4, '2021-01-12', '08:00:00', '16:00:00', 'HADIR'),
(166, 4, '2021-01-13', '08:00:00', '16:00:00', 'HADIR'),
(167, 4, '2021-01-14', '08:00:00', '16:00:00', 'HADIR'),
(168, 4, '2021-01-15', '08:00:00', '16:00:00', 'HADIR'),
(169, 4, '2021-01-16', NULL, NULL, ''),
(170, 4, '2021-01-17', NULL, NULL, ''),
(171, 4, '2021-01-18', '08:00:00', '16:00:00', 'HADIR'),
(172, 4, '2021-01-19', '08:00:00', '16:00:00', 'HADIR'),
(173, 4, '2021-01-20', '08:00:00', '16:00:00', 'HADIR'),
(174, 4, '2021-01-21', NULL, NULL, 'IZIN'),
(175, 4, '2021-01-22', '08:00:00', '16:00:00', 'HADIR'),
(176, 4, '2021-01-23', NULL, NULL, ''),
(177, 4, '2021-01-24', NULL, NULL, ''),
(178, 4, '2021-01-25', '08:00:00', '16:00:00', 'HADIR'),
(179, 4, '2021-01-26', '08:00:00', '16:00:00', 'HADIR'),
(180, 4, '2021-01-27', '08:40:00', '16:00:00', 'HADIR'),
(181, 4, '2021-01-28', '08:00:00', '16:00:00', 'HADIR'),
(182, 4, '2021-01-29', '08:00:00', '16:00:00', 'HADIR'),
(183, 4, '2021-01-30', NULL, NULL, ''),
(184, 4, '2021-01-31', NULL, NULL, ''),
(185, 5, '2020-11-01', NULL, NULL, ''),
(186, 5, '2020-11-02', '08:00:00', '16:00:00', 'HADIR'),
(187, 5, '2020-11-03', '08:00:00', '16:00:00', 'HADIR'),
(188, 5, '2020-11-04', '08:00:00', '16:00:00', 'HADIR'),
(189, 5, '2020-11-05', '08:00:00', '16:00:00', 'HADIR'),
(190, 5, '2020-11-06', '08:35:00', '16:00:00', 'HADIR'),
(191, 5, '2020-11-07', NULL, NULL, ''),
(192, 5, '2020-11-08', NULL, NULL, ''),
(193, 5, '2020-11-09', '08:00:00', '16:00:00', 'HADIR'),
(194, 5, '2020-11-10', NULL, NULL, ''),
(195, 5, '2020-11-11', '08:00:00', '16:00:00', 'HADIR'),
(196, 5, '2020-11-12', '08:00:00', '16:00:00', 'HADIR'),
(197, 5, '2020-11-13', '08:00:00', '16:00:00', 'HADIR'),
(198, 5, '2020-11-14', NULL, NULL, ''),
(199, 5, '2020-11-15', NULL, NULL, ''),
(200, 5, '2020-11-16', '08:00:00', '16:00:00', 'HADIR'),
(201, 5, '2020-11-17', '08:00:00', '16:00:00', 'HADIR'),
(202, 5, '2020-11-18', '08:35:00', '16:00:00', 'HADIR'),
(203, 5, '2020-11-19', '08:00:00', '16:00:00', 'HADIR'),
(204, 5, '2020-11-20', '08:00:00', '16:00:00', 'HADIR'),
(205, 5, '2020-11-21', NULL, NULL, ''),
(206, 5, '2020-11-22', NULL, NULL, ''),
(207, 5, '2020-11-23', '08:00:00', '16:00:00', 'HADIR'),
(208, 5, '2020-11-24', '08:00:00', '16:00:00', 'HADIR'),
(209, 5, '2020-11-25', NULL, NULL, 'SAKIT'),
(210, 5, '2020-11-26', '08:00:00', '16:00:00', 'HADIR'),
(211, 5, '2020-11-27', '08:00:00', '16:00:00', 'HADIR'),
(212, 5, '2020-11-28', NULL, NULL, ''),
(213, 5, '2020-11-29', NULL, NULL, ''),
(214, 5, '2020-11-30', '08:00:00', '16:00:00', 'HADIR'),
(215, 5, '2020-12-01', '08:00:00', '16:00:00', 'HADIR'),
(216, 5, '2020-12-02', '08:00:00', '16:00:00', 'HADIR'),
(217, 5, '2020-12-03', '08:00:00', '16:00:00', 'HADIR'),
(218, 5, '2020-12-04', '08:00:00', '16:00:00', 'HADIR'),
(219, 5, '2020-12-05', NULL, NULL, ''),
(220, 5, '2020-12-06', NULL, NULL, ''),
(221, 5, '2020-12-07', '08:00:00', '16:00:00', 'HADIR'),
(222, 5, '2020-12-08', '08:00:00', '16:00:00', 'HADIR'),
(223, 5, '2020-12-09', NULL, NULL, ''),
(224, 5, '2020-12-10', '08:00:00', '16:00:00', 'HADIR'),
(225, 5, '2020-12-11', '08:00:00', '16:00:00', 'HADIR'),
(226, 5, '2020-12-12', NULL, NULL, ''),
(227, 5, '2020-12-13', NULL, NULL, ''),
(228, 5, '2020-12-14', '08:00:00', '16:00:00', 'HADIR'),
(229, 5, '2020-12-15', '08:00:00', '16:00:00', 'HADIR'),
(230, 5, '2020-12-16', '08:00:00', '16:00:00', 'HADIR'),
(231, 5, '2020-12-17', '08:00:00', '16:00:00', 'HADIR'),
(232, 5, '2020-12-18', '08:00:00', '16:00:00', 'HADIR'),
(233, 5, '2020-12-19', NULL, NULL, ''),
(234, 5, '2020-12-20', NULL, NULL, ''),
(235, 5, '2020-12-21', '08:00:00', '16:00:00', 'HADIR'),
(236, 5, '2020-12-22', '08:00:00', '16:00:00', 'HADIR'),
(237, 5, '2020-12-23', '08:00:00', '16:00:00', 'HADIR'),
(238, 5, '2020-12-24', NULL, NULL, ''),
(239, 5, '2020-12-25', NULL, NULL, ''),
(240, 5, '2020-12-26', NULL, NULL, ''),
(241, 5, '2020-12-27', NULL, NULL, ''),
(242, 5, '2020-12-28', '08:00:00', '16:00:00', 'HADIR'),
(243, 5, '2020-12-29', '08:00:00', '16:00:00', 'HADIR'),
(244, 5, '2020-12-30', '08:00:00', '16:00:00', 'HADIR'),
(245, 5, '2020-12-31', '08:00:00', '16:00:00', 'HADIR'),
(246, 5, '2021-01-01', NULL, NULL, ''),
(247, 5, '2021-01-02', NULL, NULL, ''),
(248, 5, '2021-01-03', NULL, NULL, ''),
(249, 5, '2021-01-04', '08:00:00', '16:00:00', 'HADIR'),
(250, 5, '2021-01-05', '08:00:00', '16:00:00', 'HADIR'),
(251, 5, '2021-01-06', NULL, NULL, 'IZIN'),
(252, 5, '2021-01-07', '08:00:00', '16:00:00', 'HADIR'),
(253, 5, '2021-01-08', '08:00:00', '16:00:00', 'HADIR'),
(254, 5, '2021-01-09', NULL, NULL, ''),
(255, 5, '2021-01-10', NULL, NULL, ''),
(256, 5, '2021-01-11', '08:00:00', '16:00:00', 'HADIR'),
(257, 5, '2021-01-12', '08:00:00', '16:00:00', 'HADIR'),
(258, 5, '2021-01-13', '08:00:00', '16:00:00', 'HADIR'),
(259, 5, '2021-01-14', '08:00:00', '16:00:00', 'HADIR'),
(260, 5, '2021-01-15', '08:00:00', '16:00:00', 'HADIR'),
(261, 5, '2021-01-16', NULL, NULL, ''),
(262, 5, '2021-01-17', NULL, NULL, ''),
(263, 5, '2021-01-18', '08:00:00', '16:00:00', 'HADIR'),
(264, 5, '2021-01-19', '08:00:00', '16:00:00', 'HADIR'),
(265, 5, '2021-01-20', '08:00:00', '16:00:00', 'HADIR'),
(266, 5, '2021-01-21', '08:00:00', '16:00:00', 'HADIR'),
(267, 5, '2021-01-22', '08:00:00', '16:00:00', 'HADIR'),
(268, 5, '2021-01-23', NULL, NULL, ''),
(269, 5, '2021-01-24', NULL, NULL, ''),
(270, 5, '2021-01-25', '08:00:00', '16:00:00', 'HADIR'),
(271, 5, '2021-01-26', NULL, NULL, 'SAKIT'),
(272, 5, '2021-01-27', NULL, NULL, 'SAKIT'),
(273, 5, '2021-01-28', '08:00:00', '16:00:00', 'HADIR'),
(274, 5, '2021-01-29', '08:00:00', '16:00:00', 'HADIR'),
(275, 5, '2021-01-30', NULL, NULL, ''),
(276, 5, '2021-01-31', NULL, NULL, ''),
(277, 6, '2020-11-01', NULL, NULL, ''),
(278, 6, '2020-11-02', '08:00:00', '16:00:00', 'HADIR'),
(279, 6, '2020-11-03', '08:00:00', '16:00:00', 'HADIR'),
(280, 6, '2020-11-04', '08:00:00', '16:00:00', 'HADIR'),
(281, 6, '2020-11-05', '08:00:00', '16:00:00', 'HADIR'),
(282, 6, '2020-11-06', '08:00:00', '16:00:00', 'HADIR'),
(283, 6, '2020-11-07', NULL, NULL, ''),
(284, 6, '2020-11-08', NULL, NULL, ''),
(285, 6, '2020-11-09', '08:00:00', '16:00:00', 'HADIR'),
(286, 6, '2020-11-10', NULL, NULL, ''),
(287, 6, '2020-11-11', '08:00:00', '16:00:00', 'HADIR'),
(288, 6, '2020-11-12', '08:00:00', '16:00:00', 'HADIR'),
(289, 6, '2020-11-13', '08:00:00', '16:00:00', 'HADIR'),
(290, 6, '2020-11-14', NULL, NULL, ''),
(291, 6, '2020-11-15', NULL, NULL, ''),
(292, 6, '2020-11-16', '08:00:00', '16:00:00', 'HADIR'),
(293, 6, '2020-11-17', '08:00:00', '16:00:00', 'HADIR'),
(294, 6, '2020-11-18', '08:00:00', '16:00:00', 'HADIR'),
(295, 6, '2020-11-19', '08:00:00', '16:00:00', 'HADIR'),
(296, 6, '2020-11-20', '08:00:00', '16:00:00', 'HADIR'),
(297, 6, '2020-11-21', NULL, NULL, ''),
(298, 6, '2020-11-22', NULL, NULL, ''),
(299, 6, '2020-11-23', '08:00:00', '16:00:00', 'HADIR'),
(300, 6, '2020-11-24', '08:00:00', '16:00:00', 'HADIR'),
(301, 6, '2020-11-25', '08:00:00', '16:00:00', 'HADIR'),
(302, 6, '2020-11-26', '08:00:00', '16:00:00', 'HADIR'),
(303, 6, '2020-11-27', '08:00:00', '16:00:00', 'HADIR'),
(304, 6, '2020-11-28', NULL, NULL, ''),
(305, 6, '2020-11-29', NULL, NULL, ''),
(306, 6, '2020-11-30', '08:00:00', '16:00:00', 'HADIR'),
(307, 6, '2020-12-01', '08:00:00', '16:00:00', 'HADIR'),
(308, 6, '2020-12-02', '08:00:00', '16:00:00', 'HADIR'),
(309, 6, '2020-12-03', '08:00:00', '16:00:00', 'HADIR'),
(310, 6, '2020-12-04', '08:00:00', '16:00:00', 'HADIR'),
(311, 6, '2020-12-05', NULL, NULL, ''),
(312, 6, '2020-12-06', NULL, NULL, ''),
(313, 6, '2020-12-07', '08:00:00', '16:00:00', 'HADIR'),
(314, 6, '2020-12-08', '08:00:00', '16:00:00', 'HADIR'),
(315, 6, '2020-12-09', NULL, NULL, ''),
(316, 6, '2020-12-10', '08:00:00', '16:00:00', 'HADIR'),
(317, 6, '2020-12-11', '08:00:00', '16:00:00', 'HADIR'),
(318, 6, '2020-12-12', NULL, NULL, ''),
(319, 6, '2020-12-13', NULL, NULL, ''),
(320, 6, '2020-12-14', '08:00:00', '16:00:00', 'HADIR'),
(321, 6, '2020-12-15', '08:00:00', '16:00:00', 'HADIR'),
(322, 6, '2020-12-16', '08:00:00', '16:00:00', 'HADIR'),
(323, 6, '2020-12-17', '08:00:00', '16:00:00', 'HADIR'),
(324, 6, '2020-12-18', '08:00:00', '16:00:00', 'HADIR'),
(325, 6, '2020-12-19', NULL, NULL, ''),
(326, 6, '2020-12-20', NULL, NULL, ''),
(327, 6, '2020-12-21', '08:00:00', '16:00:00', 'HADIR'),
(328, 6, '2020-12-22', '08:00:00', '16:00:00', 'HADIR'),
(329, 6, '2020-12-23', '08:00:00', '16:00:00', 'HADIR'),
(330, 6, '2020-12-24', NULL, NULL, ''),
(331, 6, '2020-12-25', NULL, NULL, ''),
(332, 6, '2020-12-26', NULL, NULL, ''),
(333, 6, '2020-12-27', NULL, NULL, ''),
(334, 6, '2020-12-28', '08:00:00', '16:00:00', 'HADIR'),
(335, 6, '2020-12-29', '08:00:00', '16:00:00', 'HADIR'),
(336, 6, '2020-12-30', '08:00:00', '16:00:00', 'HADIR'),
(337, 6, '2020-12-31', '08:00:00', '16:00:00', 'HADIR'),
(338, 6, '2021-01-01', NULL, NULL, ''),
(339, 6, '2021-01-02', NULL, NULL, ''),
(340, 6, '2021-01-03', NULL, NULL, ''),
(341, 6, '2021-01-04', '08:00:00', '16:00:00', 'HADIR'),
(342, 6, '2021-01-05', '08:00:00', '16:00:00', 'HADIR'),
(343, 6, '2021-01-06', '08:00:00', '16:00:00', 'HADIR'),
(344, 6, '2021-01-07', '08:00:00', '16:00:00', 'HADIR'),
(345, 6, '2021-01-08', '08:00:00', '16:00:00', 'HADIR'),
(346, 6, '2021-01-09', NULL, NULL, ''),
(347, 6, '2021-01-10', NULL, NULL, ''),
(348, 6, '2021-01-11', '08:00:00', '16:00:00', 'HADIR'),
(349, 6, '2021-01-12', '08:00:00', '16:00:00', 'HADIR'),
(350, 6, '2021-01-13', '08:00:00', '16:00:00', 'HADIR'),
(351, 6, '2021-01-14', '08:00:00', '16:00:00', 'HADIR'),
(352, 6, '2021-01-15', '08:00:00', '16:00:00', 'HADIR'),
(353, 6, '2021-01-16', NULL, NULL, ''),
(354, 6, '2021-01-17', NULL, NULL, ''),
(355, 6, '2021-01-18', '08:00:00', '16:00:00', 'HADIR'),
(356, 6, '2021-01-19', '08:00:00', '16:00:00', 'HADIR'),
(357, 6, '2021-01-20', '08:00:00', '16:00:00', 'HADIR'),
(358, 6, '2021-01-21', '08:00:00', '16:00:00', 'HADIR'),
(359, 6, '2021-01-22', '08:00:00', '16:00:00', 'HADIR'),
(360, 6, '2021-01-23', NULL, NULL, ''),
(361, 6, '2021-01-24', NULL, NULL, ''),
(362, 6, '2021-01-25', '08:00:00', '16:00:00', 'HADIR'),
(363, 6, '2021-01-26', '08:00:00', '16:00:00', 'HADIR'),
(364, 6, '2021-01-27', '08:00:00', '16:00:00', 'HADIR'),
(365, 6, '2021-01-28', '08:00:00', '16:00:00', 'HADIR'),
(366, 6, '2021-01-29', '08:00:00', '16:00:00', 'HADIR'),
(367, 6, '2021-01-30', NULL, NULL, ''),
(368, 6, '2021-01-31', NULL, NULL, ''),
(369, 7, '2020-11-01', NULL, NULL, ''),
(370, 7, '2020-11-02', '08:00:00', '16:00:00', 'HADIR'),
(371, 7, '2020-11-03', '08:35:00', '16:00:00', 'HADIR'),
(372, 7, '2020-11-04', NULL, NULL, 'SAKIT'),
(373, 7, '2020-11-05', '08:00:00', '16:00:00', 'HADIR'),
(374, 7, '2020-11-06', '08:00:00', '16:00:00', 'HADIR'),
(375, 7, '2020-11-07', NULL, NULL, ''),
(376, 7, '2020-11-08', NULL, NULL, ''),
(377, 7, '2020-11-09', '08:00:00', '16:00:00', 'HADIR'),
(378, 7, '2020-11-10', NULL, NULL, ''),
(379, 7, '2020-11-11', '08:00:00', '16:00:00', 'HADIR'),
(380, 7, '2020-11-12', '08:00:00', '16:00:00', 'HADIR'),
(381, 7, '2020-11-13', '08:00:00', '16:00:00', 'HADIR'),
(382, 7, '2020-11-14', NULL, NULL, ''),
(383, 7, '2020-11-15', NULL, NULL, ''),
(384, 7, '2020-11-16', '08:00:00', '16:00:00', 'HADIR'),
(385, 7, '2020-11-17', '08:00:00', '16:00:00', 'HADIR'),
(386, 7, '2020-11-18', '08:45:00', '16:00:00', 'HADIR'),
(387, 7, '2020-11-19', NULL, NULL, 'IZIN'),
(388, 7, '2020-11-20', '08:00:00', '16:00:00', 'HADIR'),
(389, 7, '2020-11-21', NULL, NULL, ''),
(390, 7, '2020-11-22', NULL, NULL, ''),
(391, 7, '2020-11-23', '08:00:00', '16:00:00', 'HADIR'),
(392, 7, '2020-11-24', '08:00:00', '16:00:00', 'HADIR'),
(393, 7, '2020-11-25', '08:00:00', '16:00:00', 'HADIR'),
(394, 7, '2020-11-26', '08:00:00', '16:00:00', 'HADIR'),
(395, 7, '2020-11-27', '08:00:00', '16:00:00', 'HADIR'),
(396, 7, '2020-11-28', NULL, NULL, ''),
(397, 7, '2020-11-29', NULL, NULL, ''),
(398, 7, '2020-11-30', '08:00:00', '16:00:00', 'HADIR'),
(399, 7, '2020-12-01', '08:00:00', '16:00:00', 'HADIR'),
(400, 7, '2020-12-02', '08:00:00', '16:00:00', 'HADIR'),
(401, 7, '2020-12-03', '08:00:00', '16:00:00', 'HADIR'),
(402, 7, '2020-12-04', '08:00:00', '16:00:00', 'HADIR'),
(403, 7, '2020-12-05', NULL, NULL, ''),
(404, 7, '2020-12-06', NULL, NULL, ''),
(405, 7, '2020-12-07', '08:00:00', '16:00:00', 'HADIR'),
(406, 7, '2020-12-08', '08:00:00', '16:00:00', 'HADIR'),
(407, 7, '2020-12-09', NULL, NULL, ''),
(408, 7, '2020-12-10', '08:00:00', '16:00:00', 'HADIR'),
(409, 7, '2020-12-11', '08:00:00', '16:00:00', 'HADIR'),
(410, 7, '2020-12-12', NULL, NULL, ''),
(411, 7, '2020-12-13', NULL, NULL, ''),
(412, 7, '2020-12-14', '08:00:00', '16:00:00', 'HADIR'),
(413, 7, '2020-12-15', '08:00:00', '16:00:00', 'HADIR'),
(414, 7, '2020-12-16', '08:00:00', '16:00:00', 'HADIR'),
(415, 7, '2020-12-17', NULL, NULL, 'SAKIT'),
(416, 7, '2020-12-18', '08:00:00', '16:00:00', 'HADIR'),
(417, 7, '2020-12-19', NULL, NULL, ''),
(418, 7, '2020-12-20', NULL, NULL, ''),
(419, 7, '2020-12-21', '08:00:00', '16:00:00', 'HADIR'),
(420, 7, '2020-12-22', '08:00:00', '16:00:00', 'HADIR'),
(421, 7, '2020-12-23', '08:00:00', '16:00:00', 'HADIR'),
(422, 7, '2020-12-24', NULL, NULL, ''),
(423, 7, '2020-12-25', NULL, NULL, ''),
(424, 7, '2020-12-26', NULL, NULL, ''),
(425, 7, '2020-12-27', NULL, NULL, ''),
(426, 7, '2020-12-28', '08:00:00', '16:00:00', 'HADIR'),
(427, 7, '2020-12-29', '08:50:00', '16:00:00', 'HADIR'),
(428, 7, '2020-12-30', '08:00:00', '16:00:00', 'HADIR'),
(429, 7, '2020-12-31', '08:00:00', '16:00:00', 'HADIR'),
(430, 7, '2021-01-01', NULL, NULL, ''),
(431, 7, '2021-01-02', NULL, NULL, ''),
(432, 7, '2021-01-03', NULL, NULL, ''),
(433, 7, '2021-01-04', '08:55:00', '16:00:00', 'HADIR'),
(434, 7, '2021-01-05', '08:00:00', '16:00:00', 'HADIR'),
(435, 7, '2021-01-06', '08:00:00', '16:00:00', 'HADIR'),
(436, 7, '2021-01-07', '08:00:00', '16:00:00', 'HADIR'),
(437, 7, '2021-01-08', '08:00:00', '16:00:00', 'HADIR'),
(438, 7, '2021-01-09', NULL, NULL, ''),
(439, 7, '2021-01-10', NULL, NULL, ''),
(440, 7, '2021-01-11', '08:00:00', '16:00:00', 'HADIR'),
(441, 7, '2021-01-12', '08:00:00', '16:00:00', 'HADIR'),
(442, 7, '2021-01-13', '08:00:00', '16:00:00', 'HADIR'),
(443, 7, '2021-01-14', '08:00:00', '16:00:00', 'HADIR'),
(444, 7, '2021-01-15', '08:00:00', '16:00:00', 'HADIR'),
(445, 7, '2021-01-16', NULL, NULL, ''),
(446, 7, '2021-01-17', NULL, NULL, ''),
(447, 7, '2021-01-18', '08:00:00', '16:00:00', 'HADIR'),
(448, 7, '2021-01-19', '08:00:00', '16:00:00', 'HADIR'),
(449, 7, '2021-01-20', '08:00:00', '16:00:00', 'HADIR'),
(450, 7, '2021-01-21', NULL, NULL, 'IZIN'),
(451, 7, '2021-01-22', '08:00:00', '16:00:00', 'HADIR'),
(452, 7, '2021-01-23', NULL, NULL, ''),
(453, 7, '2021-01-24', NULL, NULL, ''),
(454, 7, '2021-01-25', '08:00:00', '16:00:00', 'HADIR'),
(455, 7, '2021-01-26', '08:00:00', '16:00:00', 'HADIR'),
(456, 7, '2021-01-27', '08:40:00', '16:00:00', 'HADIR'),
(457, 7, '2021-01-28', '08:00:00', '16:00:00', 'HADIR'),
(458, 7, '2021-01-29', '08:00:00', '16:00:00', 'HADIR'),
(459, 7, '2021-01-30', NULL, NULL, ''),
(460, 7, '2021-01-31', NULL, NULL, ''),
(461, 8, '2020-11-01', NULL, NULL, ''),
(462, 8, '2020-11-02', '08:00:00', '16:00:00', 'HADIR'),
(463, 8, '2020-11-03', '08:00:00', '16:00:00', 'HADIR'),
(464, 8, '2020-11-04', '08:00:00', '16:00:00', 'HADIR'),
(465, 8, '2020-11-05', '08:00:00', '16:00:00', 'HADIR'),
(466, 8, '2020-11-06', '08:35:00', '16:00:00', 'HADIR'),
(467, 8, '2020-11-07', NULL, NULL, ''),
(468, 8, '2020-11-08', NULL, NULL, ''),
(469, 8, '2020-11-09', '08:00:00', '16:00:00', 'HADIR'),
(470, 8, '2020-11-10', NULL, NULL, ''),
(471, 8, '2020-11-11', '08:00:00', '16:00:00', 'HADIR'),
(472, 8, '2020-11-12', '08:00:00', '16:00:00', 'HADIR'),
(473, 8, '2020-11-13', '08:00:00', '16:00:00', 'HADIR'),
(474, 8, '2020-11-14', NULL, NULL, ''),
(475, 8, '2020-11-15', NULL, NULL, ''),
(476, 8, '2020-11-16', '08:00:00', '16:00:00', 'HADIR'),
(477, 8, '2020-11-17', '08:00:00', '16:00:00', 'HADIR'),
(478, 8, '2020-11-18', '08:35:00', '16:00:00', 'HADIR'),
(479, 8, '2020-11-19', '08:00:00', '16:00:00', 'HADIR'),
(480, 8, '2020-11-20', '08:00:00', '16:00:00', 'HADIR'),
(481, 8, '2020-11-21', NULL, NULL, ''),
(482, 8, '2020-11-22', NULL, NULL, ''),
(483, 8, '2020-11-23', '08:00:00', '16:00:00', 'HADIR'),
(484, 8, '2020-11-24', '08:00:00', '16:00:00', 'HADIR'),
(485, 8, '2020-11-25', NULL, NULL, 'IZIN'),
(486, 8, '2020-11-26', '08:00:00', '16:00:00', 'HADIR'),
(487, 8, '2020-11-27', '08:00:00', '16:00:00', 'HADIR'),
(488, 8, '2020-11-28', NULL, NULL, ''),
(489, 8, '2020-11-29', NULL, NULL, ''),
(490, 8, '2020-11-30', '08:00:00', '16:00:00', 'HADIR'),
(491, 8, '2020-12-01', '08:00:00', '16:00:00', 'HADIR'),
(492, 8, '2020-12-02', NULL, NULL, 'CUTI'),
(493, 8, '2020-12-03', NULL, NULL, 'CUTI'),
(494, 8, '2020-12-04', '08:00:00', '16:00:00', 'HADIR'),
(495, 8, '2020-12-05', NULL, NULL, ''),
(496, 8, '2020-12-06', NULL, NULL, ''),
(497, 8, '2020-12-07', '08:00:00', '16:00:00', 'HADIR'),
(498, 8, '2020-12-08', '08:00:00', '16:00:00', 'HADIR'),
(499, 8, '2020-12-09', NULL, NULL, ''),
(500, 8, '2020-12-10', '08:00:00', '16:00:00', 'HADIR'),
(501, 8, '2020-12-11', '08:00:00', '16:00:00', 'HADIR'),
(502, 8, '2020-12-12', NULL, NULL, ''),
(503, 8, '2020-12-13', NULL, NULL, ''),
(504, 8, '2020-12-14', '08:37:00', '16:00:00', 'HADIR'),
(505, 8, '2020-12-15', '08:00:00', '16:00:00', 'HADIR'),
(506, 8, '2020-12-16', '08:00:00', '16:00:00', 'HADIR'),
(507, 8, '2020-12-17', '08:00:00', '16:00:00', 'HADIR'),
(508, 8, '2020-12-18', '08:00:00', '16:00:00', 'HADIR'),
(509, 8, '2020-12-19', NULL, NULL, ''),
(510, 8, '2020-12-20', NULL, NULL, ''),
(511, 8, '2020-12-21', '08:00:00', '16:00:00', 'HADIR'),
(512, 8, '2020-12-22', '08:00:00', '16:00:00', 'HADIR'),
(513, 8, '2020-12-23', '08:00:00', '16:00:00', 'HADIR'),
(514, 8, '2020-12-24', NULL, NULL, ''),
(515, 8, '2020-12-25', NULL, NULL, ''),
(516, 8, '2020-12-26', NULL, NULL, ''),
(517, 8, '2020-12-27', NULL, NULL, ''),
(518, 8, '2020-12-28', '08:00:00', '16:00:00', 'HADIR'),
(519, 8, '2020-12-29', '08:00:00', '16:00:00', 'HADIR'),
(520, 8, '2020-12-30', '08:35:00', '16:00:00', 'HADIR'),
(521, 8, '2020-12-31', '08:00:00', '16:00:00', 'HADIR'),
(522, 8, '2021-01-01', NULL, NULL, ''),
(523, 8, '2021-01-02', NULL, NULL, ''),
(524, 8, '2021-01-03', NULL, NULL, ''),
(525, 8, '2021-01-04', '08:00:00', '16:00:00', 'HADIR'),
(526, 8, '2021-01-05', '08:00:00', '16:00:00', 'HADIR'),
(527, 8, '2021-01-06', NULL, NULL, 'IZIN'),
(528, 8, '2021-01-07', '08:00:00', '16:00:00', 'HADIR'),
(529, 8, '2021-01-08', '08:00:00', '16:00:00', 'HADIR'),
(530, 8, '2021-01-09', NULL, NULL, ''),
(531, 8, '2021-01-10', NULL, NULL, ''),
(532, 8, '2021-01-11', '08:00:00', '16:00:00', 'HADIR'),
(533, 8, '2021-01-12', '08:00:00', '16:00:00', 'HADIR'),
(534, 8, '2021-01-13', '08:00:00', '16:00:00', 'HADIR'),
(535, 8, '2021-01-14', '08:00:00', '16:00:00', 'HADIR'),
(536, 8, '2021-01-15', '08:00:00', '16:00:00', 'HADIR'),
(537, 8, '2021-01-16', NULL, NULL, ''),
(538, 8, '2021-01-17', NULL, NULL, ''),
(539, 8, '2021-01-18', '08:00:00', '16:00:00', 'HADIR'),
(540, 8, '2021-01-19', '08:00:00', '16:00:00', 'HADIR'),
(541, 8, '2021-01-20', '08:00:00', '16:00:00', 'HADIR'),
(542, 8, '2021-01-21', '08:00:00', '16:00:00', 'HADIR'),
(543, 8, '2021-01-22', '08:00:00', '16:00:00', 'HADIR'),
(544, 8, '2021-01-23', NULL, NULL, ''),
(545, 8, '2021-01-24', NULL, NULL, ''),
(546, 8, '2021-01-25', '08:00:00', '16:00:00', 'HADIR'),
(547, 8, '2021-01-26', NULL, NULL, 'SAKIT'),
(548, 8, '2021-01-27', NULL, NULL, 'SAKIT'),
(549, 8, '2021-01-28', '08:00:00', '16:00:00', 'HADIR'),
(550, 8, '2021-01-29', '08:00:00', '16:00:00', 'HADIR'),
(551, 8, '2021-01-30', NULL, NULL, ''),
(552, 8, '2021-01-31', NULL, NULL, ''),
(553, 3, '2020-11-01', NULL, NULL, ''),
(554, 3, '2020-11-02', '08:00:00', '16:00:00', 'HADIR'),
(555, 3, '2020-11-03', '08:00:00', '16:00:00', 'HADIR'),
(556, 3, '2020-11-04', '08:00:00', '16:00:00', 'HADIR'),
(557, 3, '2020-11-05', '08:00:00', '16:00:00', 'HADIR'),
(558, 3, '2020-11-06', '08:00:00', '16:00:00', 'HADIR'),
(559, 3, '2020-11-07', NULL, NULL, ''),
(560, 3, '2020-11-08', NULL, NULL, ''),
(561, 3, '2020-11-09', '08:00:00', '16:00:00', 'HADIR'),
(562, 3, '2020-11-10', NULL, NULL, ''),
(563, 3, '2020-11-11', '08:00:00', '16:00:00', 'HADIR'),
(564, 3, '2020-11-12', '08:00:00', '16:00:00', 'HADIR'),
(565, 3, '2020-11-13', '08:00:00', '16:00:00', 'HADIR'),
(566, 3, '2020-11-14', NULL, NULL, ''),
(567, 3, '2020-11-15', NULL, NULL, ''),
(568, 3, '2020-11-16', '08:00:00', '16:00:00', 'HADIR'),
(569, 3, '2020-11-17', '08:00:00', '16:00:00', 'HADIR'),
(570, 3, '2020-11-18', '08:00:00', '16:00:00', 'HADIR'),
(571, 3, '2020-11-19', '08:00:00', '16:00:00', 'HADIR'),
(572, 3, '2020-11-20', '08:00:00', '16:00:00', 'HADIR'),
(573, 3, '2020-11-21', NULL, NULL, ''),
(574, 3, '2020-11-22', NULL, NULL, ''),
(575, 3, '2020-11-23', '08:00:00', '16:00:00', 'HADIR'),
(576, 3, '2020-11-24', '08:00:00', '16:00:00', 'HADIR'),
(577, 3, '2020-11-25', '08:00:00', '16:00:00', 'HADIR'),
(578, 3, '2020-11-26', '08:00:00', '16:00:00', 'HADIR'),
(579, 3, '2020-11-27', '08:00:00', '16:00:00', 'HADIR'),
(580, 3, '2020-11-28', NULL, NULL, ''),
(581, 3, '2020-11-29', NULL, NULL, ''),
(582, 3, '2020-11-30', '08:00:00', '16:00:00', 'HADIR'),
(583, 3, '2020-12-01', '08:00:00', '16:00:00', 'HADIR'),
(584, 3, '2020-12-02', '08:00:00', '16:00:00', 'HADIR'),
(585, 3, '2020-12-03', '08:00:00', '16:00:00', 'HADIR'),
(586, 3, '2020-12-04', '08:00:00', '16:00:00', 'HADIR'),
(587, 3, '2020-12-05', NULL, NULL, ''),
(588, 3, '2020-12-06', NULL, NULL, ''),
(589, 3, '2020-12-07', '08:00:00', '16:00:00', 'HADIR'),
(590, 3, '2020-12-08', '08:00:00', '16:00:00', 'HADIR'),
(591, 3, '2020-12-09', NULL, NULL, ''),
(592, 3, '2020-12-10', '08:00:00', '16:00:00', 'HADIR'),
(593, 3, '2020-12-11', '08:00:00', '16:00:00', 'HADIR'),
(594, 3, '2020-12-12', NULL, NULL, ''),
(595, 3, '2020-12-13', NULL, NULL, ''),
(596, 3, '2020-12-14', '08:00:00', '16:00:00', 'HADIR'),
(597, 3, '2020-12-15', '08:00:00', '16:00:00', 'HADIR'),
(598, 3, '2020-12-16', '08:00:00', '16:00:00', 'HADIR'),
(599, 3, '2020-12-17', '08:00:00', '16:00:00', 'HADIR'),
(600, 3, '2020-12-18', '08:00:00', '16:00:00', 'HADIR'),
(601, 3, '2020-12-19', NULL, NULL, ''),
(602, 3, '2020-12-20', NULL, NULL, ''),
(603, 3, '2020-12-21', '08:00:00', '16:00:00', 'HADIR'),
(604, 3, '2020-12-22', '08:00:00', '16:00:00', 'HADIR'),
(605, 3, '2020-12-23', '08:00:00', '16:00:00', 'HADIR'),
(606, 3, '2020-12-24', NULL, NULL, ''),
(607, 3, '2020-12-25', NULL, NULL, ''),
(608, 3, '2020-12-26', NULL, NULL, ''),
(609, 3, '2020-12-27', NULL, NULL, ''),
(610, 3, '2020-12-28', '08:00:00', '16:00:00', 'HADIR'),
(611, 3, '2020-12-29', '08:00:00', '16:00:00', 'HADIR'),
(612, 3, '2020-12-30', '08:00:00', '16:00:00', 'HADIR'),
(613, 3, '2020-12-31', '08:00:00', '16:00:00', 'HADIR'),
(614, 3, '2021-01-01', NULL, NULL, ''),
(615, 3, '2021-01-02', NULL, NULL, ''),
(616, 3, '2021-01-03', NULL, NULL, ''),
(617, 3, '2021-01-04', '08:00:00', '16:00:00', 'HADIR'),
(618, 3, '2021-01-05', '08:00:00', '16:00:00', 'HADIR'),
(619, 3, '2021-01-06', '08:00:00', '16:00:00', 'HADIR'),
(620, 3, '2021-01-07', '08:00:00', '16:00:00', 'HADIR'),
(621, 3, '2021-01-08', '08:00:00', '16:00:00', 'HADIR'),
(622, 3, '2021-01-09', NULL, NULL, ''),
(623, 3, '2021-01-10', NULL, NULL, ''),
(624, 3, '2021-01-11', '08:00:00', '16:00:00', 'HADIR'),
(625, 3, '2021-01-12', '08:00:00', '16:00:00', 'HADIR'),
(626, 3, '2021-01-13', '08:00:00', '16:00:00', 'HADIR'),
(627, 3, '2021-01-14', '08:00:00', '16:00:00', 'HADIR'),
(628, 3, '2021-01-15', '08:00:00', '16:00:00', 'HADIR'),
(629, 3, '2021-01-16', NULL, NULL, ''),
(630, 3, '2021-01-17', NULL, NULL, ''),
(631, 3, '2021-01-18', '08:00:00', '16:00:00', 'HADIR'),
(632, 3, '2021-01-19', '08:00:00', '16:00:00', 'HADIR'),
(633, 3, '2021-01-20', '08:00:00', '16:00:00', 'HADIR'),
(634, 3, '2021-01-21', '08:00:00', '16:00:00', 'HADIR'),
(635, 3, '2021-01-22', '08:00:00', '16:00:00', 'HADIR'),
(636, 3, '2021-01-23', NULL, NULL, ''),
(637, 3, '2021-01-24', NULL, NULL, ''),
(638, 3, '2021-01-25', '08:00:00', '16:00:00', 'HADIR'),
(639, 3, '2021-01-26', '08:00:00', '16:00:00', 'HADIR'),
(640, 3, '2021-01-27', '08:00:00', '16:00:00', 'HADIR'),
(641, 3, '2021-01-28', '08:00:00', '16:00:00', 'HADIR'),
(642, 3, '2021-01-29', '08:00:00', '16:00:00', 'HADIR'),
(643, 3, '2021-01-30', NULL, NULL, ''),
(644, 3, '2021-01-31', NULL, NULL, ''),
(645, 4, '2020-11-01', NULL, NULL, ''),
(646, 4, '2020-11-02', '08:00:00', '16:00:00', 'HADIR'),
(647, 4, '2020-11-03', '08:35:00', '16:00:00', 'HADIR'),
(648, 4, '2020-11-04', NULL, NULL, 'SAKIT'),
(649, 4, '2020-11-05', '08:00:00', '16:00:00', 'HADIR'),
(650, 4, '2020-11-06', '08:00:00', '16:00:00', 'HADIR'),
(651, 4, '2020-11-07', NULL, NULL, ''),
(652, 4, '2020-11-08', NULL, NULL, ''),
(653, 4, '2020-11-09', '08:00:00', '16:00:00', 'HADIR'),
(654, 4, '2020-11-10', NULL, NULL, ''),
(655, 4, '2020-11-11', '08:00:00', '16:00:00', 'HADIR'),
(656, 4, '2020-11-12', '08:00:00', '16:00:00', 'HADIR'),
(657, 4, '2020-11-13', '08:00:00', '16:00:00', 'HADIR'),
(658, 4, '2020-11-14', NULL, NULL, ''),
(659, 4, '2020-11-15', NULL, NULL, ''),
(660, 4, '2020-11-16', '08:00:00', '16:00:00', 'HADIR'),
(661, 4, '2020-11-17', '08:00:00', '16:00:00', 'HADIR'),
(662, 4, '2020-11-18', '08:45:00', '16:00:00', 'HADIR'),
(663, 4, '2020-11-19', NULL, NULL, 'IZIN'),
(664, 4, '2020-11-20', '08:00:00', '16:00:00', 'HADIR'),
(665, 4, '2020-11-21', NULL, NULL, ''),
(666, 4, '2020-11-22', NULL, NULL, ''),
(667, 4, '2020-11-23', '08:00:00', '16:00:00', 'HADIR'),
(668, 4, '2020-11-24', '08:00:00', '16:00:00', 'HADIR'),
(669, 4, '2020-11-25', '08:00:00', '16:00:00', 'HADIR'),
(670, 4, '2020-11-26', '08:00:00', '16:00:00', 'HADIR'),
(671, 4, '2020-11-27', '08:00:00', '16:00:00', 'HADIR'),
(672, 4, '2020-11-28', NULL, NULL, ''),
(673, 4, '2020-11-29', NULL, NULL, ''),
(674, 4, '2020-11-30', '08:00:00', '16:00:00', 'HADIR'),
(675, 4, '2020-12-01', '08:00:00', '16:00:00', 'HADIR'),
(676, 4, '2020-12-02', '08:00:00', '16:00:00', 'HADIR'),
(677, 4, '2020-12-03', '08:00:00', '16:00:00', 'HADIR'),
(678, 4, '2020-12-04', '08:00:00', '16:00:00', 'HADIR'),
(679, 4, '2020-12-05', NULL, NULL, ''),
(680, 4, '2020-12-06', NULL, NULL, ''),
(681, 4, '2020-12-07', '08:00:00', '16:00:00', 'HADIR'),
(682, 4, '2020-12-08', '08:00:00', '16:00:00', 'HADIR'),
(683, 4, '2020-12-09', NULL, NULL, ''),
(684, 4, '2020-12-10', '08:00:00', '16:00:00', 'HADIR'),
(685, 4, '2020-12-11', '08:00:00', '16:00:00', 'HADIR'),
(686, 4, '2020-12-12', NULL, NULL, ''),
(687, 4, '2020-12-13', NULL, NULL, ''),
(688, 4, '2020-12-14', '08:00:00', '16:00:00', 'HADIR'),
(689, 4, '2020-12-15', '08:00:00', '16:00:00', 'HADIR'),
(690, 4, '2020-12-16', '08:00:00', '16:00:00', 'HADIR'),
(691, 4, '2020-12-17', NULL, NULL, 'SAKIT'),
(692, 4, '2020-12-18', '08:00:00', '16:00:00', 'HADIR'),
(693, 4, '2020-12-19', NULL, NULL, ''),
(694, 4, '2020-12-20', NULL, NULL, ''),
(695, 4, '2020-12-21', '08:00:00', '16:00:00', 'HADIR'),
(696, 4, '2020-12-22', '08:00:00', '16:00:00', 'HADIR'),
(697, 4, '2020-12-23', '08:00:00', '16:00:00', 'HADIR'),
(698, 4, '2020-12-24', NULL, NULL, ''),
(699, 4, '2020-12-25', NULL, NULL, ''),
(700, 4, '2020-12-26', NULL, NULL, ''),
(701, 4, '2020-12-27', NULL, NULL, ''),
(702, 4, '2020-12-28', '08:00:00', '16:00:00', 'HADIR'),
(703, 4, '2020-12-29', '08:50:00', '16:00:00', 'HADIR'),
(704, 4, '2020-12-30', '08:00:00', '16:00:00', 'HADIR'),
(705, 4, '2020-12-31', '08:00:00', '16:00:00', 'HADIR'),
(706, 4, '2021-01-01', NULL, NULL, ''),
(707, 4, '2021-01-02', NULL, NULL, ''),
(708, 4, '2021-01-03', NULL, NULL, ''),
(709, 4, '2021-01-04', '08:00:00', '16:00:00', 'HADIR'),
(710, 4, '2021-01-05', '08:00:00', '16:00:00', 'HADIR'),
(711, 4, '2021-01-06', '08:00:00', '16:00:00', 'HADIR'),
(712, 4, '2021-01-07', '08:00:00', '16:00:00', 'HADIR'),
(713, 4, '2021-01-08', '08:00:00', '16:00:00', 'HADIR'),
(714, 4, '2021-01-09', NULL, NULL, ''),
(715, 4, '2021-01-10', NULL, NULL, ''),
(716, 4, '2021-01-11', '08:00:00', '16:00:00', 'HADIR'),
(717, 4, '2021-01-12', '08:00:00', '16:00:00', 'HADIR'),
(718, 4, '2021-01-13', '08:00:00', '16:00:00', 'HADIR'),
(719, 4, '2021-01-14', '08:00:00', '16:00:00', 'HADIR'),
(720, 4, '2021-01-15', '08:00:00', '16:00:00', 'HADIR'),
(721, 4, '2021-01-16', NULL, NULL, ''),
(722, 4, '2021-01-17', NULL, NULL, ''),
(723, 4, '2021-01-18', '08:00:00', '16:00:00', 'HADIR'),
(724, 4, '2021-01-19', '08:00:00', '16:00:00', 'HADIR'),
(725, 4, '2021-01-20', '08:00:00', '16:00:00', 'HADIR'),
(726, 4, '2021-01-21', NULL, NULL, 'IZIN'),
(727, 4, '2021-01-22', '08:00:00', '16:00:00', 'HADIR'),
(728, 4, '2021-01-23', NULL, NULL, ''),
(729, 4, '2021-01-24', NULL, NULL, ''),
(730, 4, '2021-01-25', '08:00:00', '16:00:00', 'HADIR'),
(731, 4, '2021-01-26', '08:00:00', '16:00:00', 'HADIR'),
(732, 4, '2021-01-27', '08:40:00', '16:00:00', 'HADIR'),
(733, 4, '2021-01-28', '08:00:00', '16:00:00', 'HADIR'),
(734, 4, '2021-01-29', '08:00:00', '16:00:00', 'HADIR'),
(735, 4, '2021-01-30', NULL, NULL, ''),
(736, 4, '2021-01-31', NULL, NULL, ''),
(737, 5, '2020-11-01', NULL, NULL, ''),
(738, 5, '2020-11-02', '08:00:00', '16:00:00', 'HADIR'),
(739, 5, '2020-11-03', '08:00:00', '16:00:00', 'HADIR'),
(740, 5, '2020-11-04', '08:00:00', '16:00:00', 'HADIR'),
(741, 5, '2020-11-05', '08:00:00', '16:00:00', 'HADIR'),
(742, 5, '2020-11-06', '08:35:00', '16:00:00', 'HADIR'),
(743, 5, '2020-11-07', NULL, NULL, ''),
(744, 5, '2020-11-08', NULL, NULL, ''),
(745, 5, '2020-11-09', '08:00:00', '16:00:00', 'HADIR'),
(746, 5, '2020-11-10', NULL, NULL, ''),
(747, 5, '2020-11-11', '08:00:00', '16:00:00', 'HADIR'),
(748, 5, '2020-11-12', '08:00:00', '16:00:00', 'HADIR'),
(749, 5, '2020-11-13', '08:00:00', '16:00:00', 'HADIR'),
(750, 5, '2020-11-14', NULL, NULL, ''),
(751, 5, '2020-11-15', NULL, NULL, ''),
(752, 5, '2020-11-16', '08:00:00', '16:00:00', 'HADIR'),
(753, 5, '2020-11-17', '08:00:00', '16:00:00', 'HADIR'),
(754, 5, '2020-11-18', '08:35:00', '16:00:00', 'HADIR'),
(755, 5, '2020-11-19', '08:00:00', '16:00:00', 'HADIR'),
(756, 5, '2020-11-20', '08:00:00', '16:00:00', 'HADIR'),
(757, 5, '2020-11-21', NULL, NULL, ''),
(758, 5, '2020-11-22', NULL, NULL, ''),
(759, 5, '2020-11-23', '08:00:00', '16:00:00', 'HADIR'),
(760, 5, '2020-11-24', '08:00:00', '16:00:00', 'HADIR'),
(761, 5, '2020-11-25', NULL, NULL, 'SAKIT'),
(762, 5, '2020-11-26', '08:00:00', '16:00:00', 'HADIR'),
(763, 5, '2020-11-27', '08:00:00', '16:00:00', 'HADIR'),
(764, 5, '2020-11-28', NULL, NULL, ''),
(765, 5, '2020-11-29', NULL, NULL, ''),
(766, 5, '2020-11-30', '08:00:00', '16:00:00', 'HADIR'),
(767, 5, '2020-12-01', '08:00:00', '16:00:00', 'HADIR'),
(768, 5, '2020-12-02', '08:00:00', '16:00:00', 'HADIR'),
(769, 5, '2020-12-03', '08:00:00', '16:00:00', 'HADIR'),
(770, 5, '2020-12-04', '08:00:00', '16:00:00', 'HADIR'),
(771, 5, '2020-12-05', NULL, NULL, ''),
(772, 5, '2020-12-06', NULL, NULL, ''),
(773, 5, '2020-12-07', '08:00:00', '16:00:00', 'HADIR'),
(774, 5, '2020-12-08', '08:00:00', '16:00:00', 'HADIR'),
(775, 5, '2020-12-09', NULL, NULL, ''),
(776, 5, '2020-12-10', '08:00:00', '16:00:00', 'HADIR'),
(777, 5, '2020-12-11', '08:00:00', '16:00:00', 'HADIR'),
(778, 5, '2020-12-12', NULL, NULL, ''),
(779, 5, '2020-12-13', NULL, NULL, ''),
(780, 5, '2020-12-14', '08:00:00', '16:00:00', 'HADIR'),
(781, 5, '2020-12-15', '08:00:00', '16:00:00', 'HADIR'),
(782, 5, '2020-12-16', '08:00:00', '16:00:00', 'HADIR'),
(783, 5, '2020-12-17', '08:00:00', '16:00:00', 'HADIR'),
(784, 5, '2020-12-18', '08:00:00', '16:00:00', 'HADIR'),
(785, 5, '2020-12-19', NULL, NULL, ''),
(786, 5, '2020-12-20', NULL, NULL, ''),
(787, 5, '2020-12-21', '08:00:00', '16:00:00', 'HADIR'),
(788, 5, '2020-12-22', '08:00:00', '16:00:00', 'HADIR'),
(789, 5, '2020-12-23', '08:00:00', '16:00:00', 'HADIR'),
(790, 5, '2020-12-24', NULL, NULL, ''),
(791, 5, '2020-12-25', NULL, NULL, ''),
(792, 5, '2020-12-26', NULL, NULL, ''),
(793, 5, '2020-12-27', NULL, NULL, ''),
(794, 5, '2020-12-28', '08:00:00', '16:00:00', 'HADIR'),
(795, 5, '2020-12-29', '08:00:00', '16:00:00', 'HADIR'),
(796, 5, '2020-12-30', '08:00:00', '16:00:00', 'HADIR'),
(797, 5, '2020-12-31', '08:00:00', '16:00:00', 'HADIR'),
(798, 5, '2021-01-01', NULL, NULL, ''),
(799, 5, '2021-01-02', NULL, NULL, ''),
(800, 5, '2021-01-03', NULL, NULL, ''),
(801, 5, '2021-01-04', '08:00:00', '16:00:00', 'HADIR'),
(802, 5, '2021-01-05', '08:00:00', '16:00:00', 'HADIR'),
(803, 5, '2021-01-06', NULL, NULL, 'IZIN'),
(804, 5, '2021-01-07', '08:00:00', '16:00:00', 'HADIR'),
(805, 5, '2021-01-08', '08:00:00', '16:00:00', 'HADIR'),
(806, 5, '2021-01-09', NULL, NULL, ''),
(807, 5, '2021-01-10', NULL, NULL, ''),
(808, 5, '2021-01-11', '08:00:00', '16:00:00', 'HADIR'),
(809, 5, '2021-01-12', '08:00:00', '16:00:00', 'HADIR'),
(810, 5, '2021-01-13', '08:00:00', '16:00:00', 'HADIR'),
(811, 5, '2021-01-14', '08:00:00', '16:00:00', 'HADIR'),
(812, 5, '2021-01-15', '08:00:00', '16:00:00', 'HADIR'),
(813, 5, '2021-01-16', NULL, NULL, ''),
(814, 5, '2021-01-17', NULL, NULL, ''),
(815, 5, '2021-01-18', '08:00:00', '16:00:00', 'HADIR'),
(816, 5, '2021-01-19', '08:00:00', '16:00:00', 'HADIR'),
(817, 5, '2021-01-20', '08:00:00', '16:00:00', 'HADIR'),
(818, 5, '2021-01-21', '08:00:00', '16:00:00', 'HADIR'),
(819, 5, '2021-01-22', '08:00:00', '16:00:00', 'HADIR'),
(820, 5, '2021-01-23', NULL, NULL, ''),
(821, 5, '2021-01-24', NULL, NULL, ''),
(822, 5, '2021-01-25', '08:00:00', '16:00:00', 'HADIR'),
(823, 5, '2021-01-26', NULL, NULL, 'SAKIT'),
(824, 5, '2021-01-27', NULL, NULL, 'SAKIT'),
(825, 5, '2021-01-28', '08:00:00', '16:00:00', 'HADIR'),
(826, 5, '2021-01-29', '08:00:00', '16:00:00', 'HADIR'),
(827, 5, '2021-01-30', NULL, NULL, ''),
(828, 5, '2021-01-31', NULL, NULL, ''),
(829, 6, '2020-11-01', NULL, NULL, ''),
(830, 6, '2020-11-02', '08:00:00', '16:00:00', 'HADIR'),
(831, 6, '2020-11-03', '08:00:00', '16:00:00', 'HADIR'),
(832, 6, '2020-11-04', '08:00:00', '16:00:00', 'HADIR'),
(833, 6, '2020-11-05', '08:00:00', '16:00:00', 'HADIR'),
(834, 6, '2020-11-06', '08:00:00', '16:00:00', 'HADIR'),
(835, 6, '2020-11-07', NULL, NULL, ''),
(836, 6, '2020-11-08', NULL, NULL, ''),
(837, 6, '2020-11-09', '08:00:00', '16:00:00', 'HADIR'),
(838, 6, '2020-11-10', NULL, NULL, ''),
(839, 6, '2020-11-11', '08:00:00', '16:00:00', 'HADIR'),
(840, 6, '2020-11-12', '08:00:00', '16:00:00', 'HADIR'),
(841, 6, '2020-11-13', '08:00:00', '16:00:00', 'HADIR'),
(842, 6, '2020-11-14', NULL, NULL, ''),
(843, 6, '2020-11-15', NULL, NULL, ''),
(844, 6, '2020-11-16', '08:00:00', '16:00:00', 'HADIR'),
(845, 6, '2020-11-17', '08:00:00', '16:00:00', 'HADIR'),
(846, 6, '2020-11-18', '08:00:00', '16:00:00', 'HADIR'),
(847, 6, '2020-11-19', '08:00:00', '16:00:00', 'HADIR'),
(848, 6, '2020-11-20', '08:00:00', '16:00:00', 'HADIR'),
(849, 6, '2020-11-21', NULL, NULL, ''),
(850, 6, '2020-11-22', NULL, NULL, ''),
(851, 6, '2020-11-23', '08:00:00', '16:00:00', 'HADIR'),
(852, 6, '2020-11-24', '08:00:00', '16:00:00', 'HADIR'),
(853, 6, '2020-11-25', '08:00:00', '16:00:00', 'HADIR'),
(854, 6, '2020-11-26', '08:00:00', '16:00:00', 'HADIR'),
(855, 6, '2020-11-27', '08:00:00', '16:00:00', 'HADIR'),
(856, 6, '2020-11-28', NULL, NULL, ''),
(857, 6, '2020-11-29', NULL, NULL, ''),
(858, 6, '2020-11-30', '08:00:00', '16:00:00', 'HADIR'),
(859, 6, '2020-12-01', '08:00:00', '16:00:00', 'HADIR'),
(860, 6, '2020-12-02', '08:00:00', '16:00:00', 'HADIR'),
(861, 6, '2020-12-03', '08:00:00', '16:00:00', 'HADIR'),
(862, 6, '2020-12-04', '08:00:00', '16:00:00', 'HADIR'),
(863, 6, '2020-12-05', NULL, NULL, ''),
(864, 6, '2020-12-06', NULL, NULL, ''),
(865, 6, '2020-12-07', '08:00:00', '16:00:00', 'HADIR'),
(866, 6, '2020-12-08', '08:00:00', '16:00:00', 'HADIR'),
(867, 6, '2020-12-09', NULL, NULL, ''),
(868, 6, '2020-12-10', '08:00:00', '16:00:00', 'HADIR'),
(869, 6, '2020-12-11', '08:00:00', '16:00:00', 'HADIR'),
(870, 6, '2020-12-12', NULL, NULL, ''),
(871, 6, '2020-12-13', NULL, NULL, ''),
(872, 6, '2020-12-14', '08:00:00', '16:00:00', 'HADIR'),
(873, 6, '2020-12-15', '08:00:00', '16:00:00', 'HADIR'),
(874, 6, '2020-12-16', '08:00:00', '16:00:00', 'HADIR'),
(875, 6, '2020-12-17', '08:00:00', '16:00:00', 'HADIR'),
(876, 6, '2020-12-18', '08:00:00', '16:00:00', 'HADIR'),
(877, 6, '2020-12-19', NULL, NULL, ''),
(878, 6, '2020-12-20', NULL, NULL, ''),
(879, 6, '2020-12-21', '08:00:00', '16:00:00', 'HADIR'),
(880, 6, '2020-12-22', '08:00:00', '16:00:00', 'HADIR'),
(881, 6, '2020-12-23', '08:00:00', '16:00:00', 'HADIR'),
(882, 6, '2020-12-24', NULL, NULL, ''),
(883, 6, '2020-12-25', NULL, NULL, ''),
(884, 6, '2020-12-26', NULL, NULL, ''),
(885, 6, '2020-12-27', NULL, NULL, ''),
(886, 6, '2020-12-28', '08:00:00', '16:00:00', 'HADIR'),
(887, 6, '2020-12-29', '08:00:00', '16:00:00', 'HADIR'),
(888, 6, '2020-12-30', '08:00:00', '16:00:00', 'HADIR'),
(889, 6, '2020-12-31', '08:00:00', '16:00:00', 'HADIR'),
(890, 6, '2021-01-01', NULL, NULL, ''),
(891, 6, '2021-01-02', NULL, NULL, ''),
(892, 6, '2021-01-03', NULL, NULL, ''),
(893, 6, '2021-01-04', '08:00:00', '16:00:00', 'HADIR'),
(894, 6, '2021-01-05', '08:00:00', '16:00:00', 'HADIR'),
(895, 6, '2021-01-06', '08:00:00', '16:00:00', 'HADIR'),
(896, 6, '2021-01-07', '08:00:00', '16:00:00', 'HADIR'),
(897, 6, '2021-01-08', '08:00:00', '16:00:00', 'HADIR'),
(898, 6, '2021-01-09', NULL, NULL, ''),
(899, 6, '2021-01-10', NULL, NULL, ''),
(900, 6, '2021-01-11', '08:00:00', '16:00:00', 'HADIR'),
(901, 6, '2021-01-12', '08:00:00', '16:00:00', 'HADIR'),
(902, 6, '2021-01-13', '08:00:00', '16:00:00', 'HADIR'),
(903, 6, '2021-01-14', '08:00:00', '16:00:00', 'HADIR'),
(904, 6, '2021-01-15', '08:00:00', '16:00:00', 'HADIR'),
(905, 6, '2021-01-16', NULL, NULL, ''),
(906, 6, '2021-01-17', NULL, NULL, ''),
(907, 6, '2021-01-18', '08:00:00', '16:00:00', 'HADIR'),
(908, 6, '2021-01-19', '08:00:00', '16:00:00', 'HADIR'),
(909, 6, '2021-01-20', '08:00:00', '16:00:00', 'HADIR'),
(910, 6, '2021-01-21', '08:00:00', '16:00:00', 'HADIR'),
(911, 6, '2021-01-22', '08:00:00', '16:00:00', 'HADIR'),
(912, 6, '2021-01-23', NULL, NULL, ''),
(913, 6, '2021-01-24', NULL, NULL, ''),
(914, 6, '2021-01-25', '08:00:00', '16:00:00', 'HADIR'),
(915, 6, '2021-01-26', '08:00:00', '16:00:00', 'HADIR'),
(916, 6, '2021-01-27', '08:00:00', '16:00:00', 'HADIR'),
(917, 6, '2021-01-28', '08:00:00', '16:00:00', 'HADIR'),
(918, 6, '2021-01-29', '08:00:00', '16:00:00', 'HADIR'),
(919, 6, '2021-01-30', NULL, NULL, ''),
(920, 6, '2021-01-31', NULL, NULL, ''),
(921, 7, '2020-11-01', NULL, NULL, ''),
(922, 7, '2020-11-02', '08:00:00', '16:00:00', 'HADIR'),
(923, 7, '2020-11-03', '08:35:00', '16:00:00', 'HADIR'),
(924, 7, '2020-11-04', NULL, NULL, 'SAKIT'),
(925, 7, '2020-11-05', '08:00:00', '16:00:00', 'HADIR'),
(926, 7, '2020-11-06', '08:00:00', '16:00:00', 'HADIR'),
(927, 7, '2020-11-07', NULL, NULL, ''),
(928, 7, '2020-11-08', NULL, NULL, ''),
(929, 7, '2020-11-09', '08:00:00', '16:00:00', 'HADIR'),
(930, 7, '2020-11-10', NULL, NULL, ''),
(931, 7, '2020-11-11', '08:00:00', '16:00:00', 'HADIR'),
(932, 7, '2020-11-12', '08:00:00', '16:00:00', 'HADIR'),
(933, 7, '2020-11-13', '08:00:00', '16:00:00', 'HADIR'),
(934, 7, '2020-11-14', NULL, NULL, ''),
(935, 7, '2020-11-15', NULL, NULL, ''),
(936, 7, '2020-11-16', '08:00:00', '16:00:00', 'HADIR'),
(937, 7, '2020-11-17', '08:00:00', '16:00:00', 'HADIR'),
(938, 7, '2020-11-18', '08:45:00', '16:00:00', 'HADIR'),
(939, 7, '2020-11-19', NULL, NULL, 'IZIN'),
(940, 7, '2020-11-20', '08:00:00', '16:00:00', 'HADIR'),
(941, 7, '2020-11-21', NULL, NULL, ''),
(942, 7, '2020-11-22', NULL, NULL, ''),
(943, 7, '2020-11-23', '08:00:00', '16:00:00', 'HADIR'),
(944, 7, '2020-11-24', '08:00:00', '16:00:00', 'HADIR'),
(945, 7, '2020-11-25', '08:00:00', '16:00:00', 'HADIR'),
(946, 7, '2020-11-26', '08:00:00', '16:00:00', 'HADIR'),
(947, 7, '2020-11-27', '08:00:00', '16:00:00', 'HADIR'),
(948, 7, '2020-11-28', NULL, NULL, ''),
(949, 7, '2020-11-29', NULL, NULL, ''),
(950, 7, '2020-11-30', '08:00:00', '16:00:00', 'HADIR'),
(951, 7, '2020-12-01', '08:00:00', '16:00:00', 'HADIR'),
(952, 7, '2020-12-02', '08:00:00', '16:00:00', 'HADIR'),
(953, 7, '2020-12-03', '08:00:00', '16:00:00', 'HADIR'),
(954, 7, '2020-12-04', '08:00:00', '16:00:00', 'HADIR'),
(955, 7, '2020-12-05', NULL, NULL, ''),
(956, 7, '2020-12-06', NULL, NULL, ''),
(957, 7, '2020-12-07', '08:00:00', '16:00:00', 'HADIR'),
(958, 7, '2020-12-08', '08:00:00', '16:00:00', 'HADIR'),
(959, 7, '2020-12-09', NULL, NULL, ''),
(960, 7, '2020-12-10', '08:00:00', '16:00:00', 'HADIR'),
(961, 7, '2020-12-11', '08:00:00', '16:00:00', 'HADIR'),
(962, 7, '2020-12-12', NULL, NULL, ''),
(963, 7, '2020-12-13', NULL, NULL, ''),
(964, 7, '2020-12-14', '08:00:00', '16:00:00', 'HADIR'),
(965, 7, '2020-12-15', '08:00:00', '16:00:00', 'HADIR'),
(966, 7, '2020-12-16', '08:00:00', '16:00:00', 'HADIR'),
(967, 7, '2020-12-17', NULL, NULL, 'SAKIT'),
(968, 7, '2020-12-18', '08:00:00', '16:00:00', 'HADIR'),
(969, 7, '2020-12-19', NULL, NULL, ''),
(970, 7, '2020-12-20', NULL, NULL, ''),
(971, 7, '2020-12-21', '08:00:00', '16:00:00', 'HADIR'),
(972, 7, '2020-12-22', '08:00:00', '16:00:00', 'HADIR'),
(973, 7, '2020-12-23', '08:00:00', '16:00:00', 'HADIR'),
(974, 7, '2020-12-24', NULL, NULL, ''),
(975, 7, '2020-12-25', NULL, NULL, ''),
(976, 7, '2020-12-26', NULL, NULL, ''),
(977, 7, '2020-12-27', NULL, NULL, ''),
(978, 7, '2020-12-28', '08:00:00', '16:00:00', 'HADIR'),
(979, 7, '2020-12-29', '08:50:00', '16:00:00', 'HADIR'),
(980, 7, '2020-12-30', '08:00:00', '16:00:00', 'HADIR'),
(981, 7, '2020-12-31', '08:00:00', '16:00:00', 'HADIR'),
(982, 7, '2021-01-01', NULL, NULL, ''),
(983, 7, '2021-01-02', NULL, NULL, ''),
(984, 7, '2021-01-03', NULL, NULL, ''),
(985, 7, '2021-01-04', '08:55:00', '16:00:00', 'HADIR'),
(986, 7, '2021-01-05', '08:00:00', '16:00:00', 'HADIR'),
(987, 7, '2021-01-06', '08:00:00', '16:00:00', 'HADIR'),
(988, 7, '2021-01-07', '08:00:00', '16:00:00', 'HADIR'),
(989, 7, '2021-01-08', '08:00:00', '16:00:00', 'HADIR'),
(990, 7, '2021-01-09', NULL, NULL, ''),
(991, 7, '2021-01-10', NULL, NULL, ''),
(992, 7, '2021-01-11', '08:00:00', '16:00:00', 'HADIR'),
(993, 7, '2021-01-12', '08:00:00', '16:00:00', 'HADIR'),
(994, 7, '2021-01-13', '08:00:00', '16:00:00', 'HADIR'),
(995, 7, '2021-01-14', '08:00:00', '16:00:00', 'HADIR'),
(996, 7, '2021-01-15', '08:00:00', '16:00:00', 'HADIR'),
(997, 7, '2021-01-16', NULL, NULL, ''),
(998, 7, '2021-01-17', NULL, NULL, ''),
(999, 7, '2021-01-18', '08:00:00', '16:00:00', 'HADIR'),
(1000, 7, '2021-01-19', '08:00:00', '16:00:00', 'HADIR'),
(1001, 7, '2021-01-20', '08:00:00', '16:00:00', 'HADIR'),
(1002, 7, '2021-01-21', NULL, NULL, 'IZIN'),
(1003, 7, '2021-01-22', '08:00:00', '16:00:00', 'HADIR'),
(1004, 7, '2021-01-23', NULL, NULL, ''),
(1005, 7, '2021-01-24', NULL, NULL, ''),
(1006, 7, '2021-01-25', '08:00:00', '16:00:00', 'HADIR'),
(1007, 7, '2021-01-26', '08:00:00', '16:00:00', 'HADIR'),
(1008, 7, '2021-01-27', '08:40:00', '16:00:00', 'HADIR'),
(1009, 7, '2021-01-28', '08:00:00', '16:00:00', 'HADIR'),
(1010, 7, '2021-01-29', '08:00:00', '16:00:00', 'HADIR'),
(1011, 7, '2021-01-30', NULL, NULL, ''),
(1012, 7, '2021-01-31', NULL, NULL, ''),
(1013, 8, '2020-11-01', NULL, NULL, ''),
(1014, 8, '2020-11-02', '08:00:00', '16:00:00', 'HADIR'),
(1015, 8, '2020-11-03', '08:00:00', '16:00:00', 'HADIR'),
(1016, 8, '2020-11-04', '08:00:00', '16:00:00', 'HADIR'),
(1017, 8, '2020-11-05', '08:00:00', '16:00:00', 'HADIR'),
(1018, 8, '2020-11-06', '08:35:00', '16:00:00', 'HADIR'),
(1019, 8, '2020-11-07', NULL, NULL, ''),
(1020, 8, '2020-11-08', NULL, NULL, ''),
(1021, 8, '2020-11-09', '08:00:00', '16:00:00', 'HADIR'),
(1022, 8, '2020-11-10', NULL, NULL, ''),
(1023, 8, '2020-11-11', '08:00:00', '16:00:00', 'HADIR'),
(1024, 8, '2020-11-12', '08:00:00', '16:00:00', 'HADIR'),
(1025, 8, '2020-11-13', '08:00:00', '16:00:00', 'HADIR'),
(1026, 8, '2020-11-14', NULL, NULL, ''),
(1027, 8, '2020-11-15', NULL, NULL, ''),
(1028, 8, '2020-11-16', '08:00:00', '16:00:00', 'HADIR'),
(1029, 8, '2020-11-17', '08:00:00', '16:00:00', 'HADIR'),
(1030, 8, '2020-11-18', '08:35:00', '16:00:00', 'HADIR'),
(1031, 8, '2020-11-19', '08:00:00', '16:00:00', 'HADIR'),
(1032, 8, '2020-11-20', '08:00:00', '16:00:00', 'HADIR'),
(1033, 8, '2020-11-21', NULL, NULL, ''),
(1034, 8, '2020-11-22', NULL, NULL, ''),
(1035, 8, '2020-11-23', '08:00:00', '16:00:00', 'HADIR'),
(1036, 8, '2020-11-24', '08:00:00', '16:00:00', 'HADIR'),
(1037, 8, '2020-11-25', NULL, NULL, 'IZIN'),
(1038, 8, '2020-11-26', '08:00:00', '16:00:00', 'HADIR'),
(1039, 8, '2020-11-27', '08:00:00', '16:00:00', 'HADIR'),
(1040, 8, '2020-11-28', NULL, NULL, ''),
(1041, 8, '2020-11-29', NULL, NULL, ''),
(1042, 8, '2020-11-30', '08:00:00', '16:00:00', 'HADIR'),
(1043, 8, '2020-12-01', '08:00:00', '16:00:00', 'HADIR'),
(1044, 8, '2020-12-02', NULL, NULL, 'CUTI'),
(1045, 8, '2020-12-03', NULL, NULL, 'CUTI'),
(1046, 8, '2020-12-04', '08:00:00', '16:00:00', 'HADIR'),
(1047, 8, '2020-12-05', NULL, NULL, ''),
(1048, 8, '2020-12-06', NULL, NULL, ''),
(1049, 8, '2020-12-07', '08:00:00', '16:00:00', 'HADIR'),
(1050, 8, '2020-12-08', '08:00:00', '16:00:00', 'HADIR');
INSERT INTO `presensi` (`id`, `karyawan_id`, `tanggal`, `jam_masuk`, `jam_keluar`, `keterangan`) VALUES
(1051, 8, '2020-12-09', NULL, NULL, ''),
(1052, 8, '2020-12-10', '08:00:00', '16:00:00', 'HADIR'),
(1053, 8, '2020-12-11', '08:00:00', '16:00:00', 'HADIR'),
(1054, 8, '2020-12-12', NULL, NULL, ''),
(1055, 8, '2020-12-13', NULL, NULL, ''),
(1056, 8, '2020-12-14', '08:37:00', '16:00:00', 'HADIR'),
(1057, 8, '2020-12-15', '08:00:00', '16:00:00', 'HADIR'),
(1058, 8, '2020-12-16', '08:00:00', '16:00:00', 'HADIR'),
(1059, 8, '2020-12-17', '08:00:00', '16:00:00', 'HADIR'),
(1060, 8, '2020-12-18', '08:00:00', '16:00:00', 'HADIR'),
(1061, 8, '2020-12-19', NULL, NULL, ''),
(1062, 8, '2020-12-20', NULL, NULL, ''),
(1063, 8, '2020-12-21', '08:00:00', '16:00:00', 'HADIR'),
(1064, 8, '2020-12-22', '08:00:00', '16:00:00', 'HADIR'),
(1065, 8, '2020-12-23', '08:00:00', '16:00:00', 'HADIR'),
(1066, 8, '2020-12-24', NULL, NULL, ''),
(1067, 8, '2020-12-25', NULL, NULL, ''),
(1068, 8, '2020-12-26', NULL, NULL, ''),
(1069, 8, '2020-12-27', NULL, NULL, ''),
(1070, 8, '2020-12-28', '08:00:00', '16:00:00', 'HADIR'),
(1071, 8, '2020-12-29', '08:00:00', '16:00:00', 'HADIR'),
(1072, 8, '2020-12-30', '08:35:00', '16:00:00', 'HADIR'),
(1073, 8, '2020-12-31', '08:00:00', '16:00:00', 'HADIR'),
(1074, 8, '2021-01-01', NULL, NULL, ''),
(1075, 8, '2021-01-02', NULL, NULL, ''),
(1076, 8, '2021-01-03', NULL, NULL, ''),
(1077, 8, '2021-01-04', '08:00:00', '16:00:00', 'HADIR'),
(1078, 8, '2021-01-05', '08:00:00', '16:00:00', 'HADIR'),
(1079, 8, '2021-01-06', NULL, NULL, 'IZIN'),
(1080, 8, '2021-01-07', '08:00:00', '16:00:00', 'HADIR'),
(1081, 8, '2021-01-08', '08:00:00', '16:00:00', 'HADIR'),
(1082, 8, '2021-01-09', NULL, NULL, ''),
(1083, 8, '2021-01-10', NULL, NULL, ''),
(1084, 8, '2021-01-11', '08:00:00', '16:00:00', 'HADIR'),
(1085, 8, '2021-01-12', '08:00:00', '16:00:00', 'HADIR'),
(1086, 8, '2021-01-13', '08:00:00', '16:00:00', 'HADIR'),
(1087, 8, '2021-01-14', '08:00:00', '16:00:00', 'HADIR'),
(1088, 8, '2021-01-15', '08:00:00', '16:00:00', 'HADIR'),
(1089, 8, '2021-01-16', NULL, NULL, ''),
(1090, 8, '2021-01-17', NULL, NULL, ''),
(1091, 8, '2021-01-18', '08:00:00', '16:00:00', 'HADIR'),
(1092, 8, '2021-01-19', '08:00:00', '16:00:00', 'HADIR'),
(1093, 8, '2021-01-20', '08:00:00', '16:00:00', 'HADIR'),
(1094, 8, '2021-01-21', '08:00:00', '16:00:00', 'HADIR'),
(1095, 8, '2021-01-22', '08:00:00', '16:00:00', 'HADIR'),
(1096, 8, '2021-01-23', NULL, NULL, ''),
(1097, 8, '2021-01-24', NULL, NULL, ''),
(1098, 8, '2021-01-25', '08:00:00', '16:00:00', 'HADIR'),
(1099, 8, '2021-01-26', NULL, NULL, 'SAKIT'),
(1100, 8, '2021-01-27', NULL, NULL, 'SAKIT'),
(1101, 8, '2021-01-28', '08:00:00', '16:00:00', 'HADIR'),
(1102, 8, '2021-01-29', '08:00:00', '16:00:00', 'HADIR'),
(1103, 8, '2021-01-30', NULL, NULL, ''),
(1104, 8, '2021-01-31', NULL, NULL, '');

/*!40101 SET CHARACTER_SET_CLIENT=@OLD_CHARACTER_SET_CLIENT */;
/*!40101 SET CHARACTER_SET_RESULTS=@OLD_CHARACTER_SET_RESULTS */;
/*!40101 SET COLLATION_CONNECTION=@OLD_COLLATION_CONNECTION */;
